Fault Code;Fault;Severity;SM ID;Location;Safety Mechanism;Lidar State
0x0012;Overvoltage/Undervoltage fault;error;SM001;Top controller;Voltage diagnosis;Output Untrusted
0x0021;Overvoltage/Undervoltage fault;ok;SM014;Bottom controller;Voltage diagnosis;Warning
0x0132;Master clock fault;error;SM002;Top controller;Clock diagnosis;Output Untrusted
0x0112;Functional clock fault;error;SM002;Top controller;Clock diagnosis;Output Untrusted
0x0122;Watch dog self-test fault;error;SM002;Top controller;Clock diagnosis;Output Untrusted
0x0142;Master clock fault;error;SM015;Bottom controller;Clock diagnosis;Output Untrusted
0x0152;Functional clock fault;error;SM015;Bottom controller;Clock diagnosis;Output Untrusted
0x0212;Program flow exception fault;error;SM003;Top controller;Program flow diagnosis;Output Untrusted
0x0222;Program flow exception fault;error;SM016;Bottom controller;Program flow diagnosis;Output Untrusted
0x0312;Processing unit exception;error;SM004;Top controller;Processing unit diagnosis;Output Untrusted
0x3312;Processing unit stuck;error;SM004;Top controller;Processing unit diagnosis;Output Untrusted
0x0011;Processing unit no output fault;error;SM004;Top controller;Processing unit diagnosis;Output Untrusted
0x0322;Processing unit exception;error;SM017;Bottom controller;Processing unit diagnosis;Output Untrusted
0x0412;CRC fault of NOR flash memory;error;SM005;Top controller;Memory diagnosis;Output Untrusted
0x0423;Safety mechanism self-test fault in configuration memory diagnosis;error;SM005;Top controller;Memory diagnosis;Output Untrusted
0x0421;Correctable single-bit fault in configuration memory;ok;SM005;Top controller;Memory diagnosis;Warning
0x0422;Double-bit fault OR uncorrectable single-bit fault in configuration memory;error;SM005;Top controller;Memory diagnosis;Output Untrusted
0x0425;Communication fault of the safety mechanism for configuration memory diagnosis;warning;SM005;Top controller;Memory diagnosis;Performance Degradation
0x0442;CRC fault of NOR flash memory;error;SM018;Bottom controller;Memory diagnosis;Output Untrusted
0x04A1;Abnormal cybersecurity-related data requiring authentication;ok;SM018;Bottom controller;Memory diagnosis;Warning
0x0453;Safety mechanism self-test fault in configuration memory diagnosis;error;SM018;Bottom controller;Memory diagnosis;Output Untrusted
0x0451;Correctable single-bit fault in configuration memory;ok;SM018;Bottom controller;Memory diagnosis;Warning
0x0452;Double-bit fault OR uncorrectable single-bit fault in configuration memory;error;SM018;Bottom controller;Memory diagnosis;Output Untrusted
0x0473;ECC self-test fault in DDR;error;SM018;Bottom controller;Memory diagnosis;Output Untrusted
0x0471;Single-bit fault in DDR;ok;SM018;Bottom controller;Memory diagnosis;Warning
0x0472;Double-bit fault in DDR;error;SM018;Bottom controller;Memory diagnosis;Output Untrusted
0x0481;CRC fault in eMMC;ok;SM018;Bottom controller;Memory diagnosis;Warning
0x04C1;Register fault;ok;SM018;Bottom controller;Memory diagnosis;Warning
0x1721;U-boot file CRC fault;ok;SM018;Bottom controller;Memory diagnosis;Warning
0x0463;ECC self-test fault in BRAM;error;SM005/SM018;Top/Bottom controller;Memory diagnosis;Output Untrusted
0x0461;Single-bit fault in BRAM;ok;SM005/SM018;Top/Bottom controller;Memory diagnosis;Warning
0x0462;Double-bit fault in BRAM;error;SM005/SM018;Top/Bottom controller;Memory diagnosis;Output Untrusted
0x0611;Laser receiver module exceeds the first-level overtemperature threshold OR drops below the first-level undervoltage threshold;warning;SM006;Top controller;Internal function logic monitor;Performance Degradation
0x0612;Laser receiver module exceeds the second-level overtemperature threshold OR drops below the second-level undervoltage threshold;error;SM006;Top controller;Internal function logic monitor;Output Untrusted
0x0632;Internal ADC module fault in the distance and reflectivity link;error;SM006;Top controller;Internal function logic monitor;Output Untrusted
0x0622;Distance and reflectivity calculation module fault in the distance and reflectivity link;error;SM006;Top controller;Internal function logic monitor;Output Untrusted
0x0642;Eye safety module fault;error;SM006;Top controller;Internal function logic monitor;Output Untrusted
0x0652;Timing controller module fault in distance and reflectivity link;error;SM006;Top controller;Internal function logic monitor;Output Untrusted
0x0662;Point cloud data transmission link fault;error;SM006;Top controller;Internal function logic monitor;Output Untrusted
0x0661;Interstitial point filter module fault;error;SM019;Bottom controller;Internal function logic monitor;Output Untrusted
0x0972;Azimuth processing module fault;error;SM019;Bottom controller;Internal function logic monitor;Output Untrusted
0x0682;Point cloud data missing fault;ok;SM027;Bottom controller;Point cloud data missing diagnosis (using azimuth);Warning
0x0711;Abnormal motor start;ok;SM028;Bottom controller;Motor diagnosis;Warning
0x0721;Abnormal motor speed;warning;SM028;Bottom controller;Motor diagnosis;Performance Degradation
0x0722;Motor stall fault;error;SM028;Bottom controller;Motor diagnosis;Shutdown
0x0732;Motor overcurrent fault;error;SM028;Bottom controller;Motor diagnosis;Output Untrusted
0x0742;Motor rotation direction fault;error;SM028;Bottom controller;Motor diagnosis;Output Untrusted
0x0811;Encoder plausibility first-level fault;ok;SM030;Bottom controller;Encoder diagnosis;Warning
0x0812;Encoder plausibility second-level fault;error;SM030;Bottom controller;Encoder diagnosis;Output Untrusted
0x0912;Encoder disk contamination fault;error;SM029;Bottom controller;Encoder disk contamination diagnosis;Output Untrusted
0x0A13;Self-test fault in laser diagnosis;error;SM011;Top controller;Laser emitter diagnosis;Output Untrusted
0x0A11;Single-blind-channel fault;warning;SM011;Top controller;Laser emitter diagnosis;Performance Degradation
0x0A12;Multi-blind-channel fault;warning;SM011;Top controller;Laser emitter diagnosis;Performance Degradation
0x0A23;Continuous conduction fault in laser emitter;error;SM011;Top controller;Laser emitter diagnosis;Output Untrusted
0x0B11;Abnormal baseline noise in single-channel;warning;SM013;Top controller;Baseline noise diagnosis of received signal;Performance Degradation
0x0B12;Abnormal baseline noise in multi-channel;warning;SM013;Top controller;Baseline noise diagnosis of received signal;Performance Degradation
0x0B24;Abnormal connection of diagnostic hardware module;error;SM012;Top controller;Laser receiver diagnosis;Output Untrusted
0x0B23;Self-test fault in laser receiver diagnosis;error;SM012;Top controller;Laser receiver diagnosis;Output Untrusted
0x0B21;Single-blind-channel continuous fault;warning;SM012;Top controller;Laser receiver diagnosis;Performance Degradation
0x0B22;Multi-blind-channel continuous fault;warning;SM012;Top controller;Laser receiver diagnosis;Performance Degradation
0x0B26;Single-blind-channel intermittent fault;ok;SM012;Top controller;Laser receiver diagnosis;Warning
0x0B27;Multi-blind-channel intermittent fault;ok;SM012;Top controller;Laser receiver diagnosis;Warning
0x0B34;Unintended start of safety mechanism in laser receiver diagnosis;error;SM012;Top controller;Laser receiver diagnosis;Output Untrusted
0x0C11;Single-channel ADC link fault;error;SM009;Top controller;A/D conversion diagnosis for photoelectric signal processing;Output Untrusted
0x0C12;Multi-channel ADC link fault;error;SM009;Top controller;A/D conversion diagnosis for photoelectric signal processing;Output Untrusted
0x0D15;Hardware plausibility fault of temperature sensor;ok;SM008;Top controller;Temperature diagnosis;Warning
0x0D16;Cross-check fault of temperature sensor;ok;SM008;Top controller;Temperature diagnosis;Warning
0x0D17;Hardware plausibility fault between the cross-check temperature sensors;ok;SM008;Top controller;Temperature diagnosis;Warning
0x0D12;Third-level over-temperature fault;warning;SM008;Top controller;Temperature diagnosis;Pre-Shutdown
0x0D25;Hardware plausibility fault of temperature sensor;ok;SM021;Bottom controller;Temperature diagnosis;Warning
0x0E11;Uplink wireless communication data CRC fault;ok;SM007;Top controller;Uplink wireless communication diagnosis;Warning
0x0E22;Downlink data stuck, timeout, OR CRC fault;error;SM020;Bottom controller;Downlink wireless communication diagnosis;Output Untrusted
0x0E32;Top and bottom controllers syncing fault;error;SM020;Bottom controller;Downlink wireless communication diagnosis;Output Untrusted
0x1011;Abnormal PTP synchronization;warning;SM022;Bottom controller;PTP synchronization diagnosis;Performance Degradation
0x1111;Abnormal restart of software process;ok;SM023;Bottom controller;Abnormal recovery of software process diagnosis;Warning
0x1121;Boot timeout diagnosis;ok;SM024;Bottom controller;Abnormal software boot diagnosis;Warning
0x1211;Humidity sensor fault;ok;SM025;Bottom controller;Humidity sensor diagnosis;Warning
0x1411;Top controller ADC fault;ok;SM043;Top controller;ADC diagnosis;Warning
0x1221;IMU fault;ok;SM026;Bottom controller;IMU diagnosis;Warning
